 FECHA ; RENOVACION_ESAL ; INSCRIPCION_ACTAS_DOC_ESAL ; CERTIFICADOS_ESAL ; FORMULARIOS_ESAL ; INGRESOS_TOTAL_DIA ; MATRICULAS_ESAL ; MATRICULA_RUP ; INGRESOS_RENOVACIONES ; INGRESOS_CERTIFICADOS ; INGRESOS_EXPEDICION_COPIAS ; INGRESOS_MATRICULAS ; INGRESOS_ESAL ; INSCRIPCION_RUP ; RENOVACION_RUP ; ACTUALIZACION_RUP ; CERTIFICADOS_RUP ; INGRESOS_RUP ; INGRESOS_RUNEOL ; INGRESOS_SERVICIOS_ESPECIALES ; MATRICULA_COMERCIANTE ; RENOVADOS_COMERCIANTE ; RENOVADOS_ESAL ; RENOVADOS_RUP ; CANTIDAD_RENOVACIONES ; CANT_AFIL_FIDELIZADOS ; AFILIADOS_RETIRADOS ; CANT_AFIL_NUEVOS_DESP_CAMP_REN ; CANT_AFIL_NUEVOS_EN_CAMP_REN ; TOTAL_CANT_AFILIADOS ; FORMULARIOS_Y_COPIAS_RUP ; AFIL_INGRESOS_FIDEL ; AFIL_INGRESOS_NUEVOS ; INGRESOS_DERECHOS_DE_I ; INGRESOS_FORMU_DE_REGISTRO_M 
1/01/2018;;;;;;;; $540,778,126 ; $119,192,500 ;; $143,062,000 ; $35,868,000 ;;;;;;$ 738,00;;;;;;;;;;;;;;; $78,484,800.00 ; $23,245,500.00 
2/01/2018;;;;;;;; $945,365,000 ; $107,056,700 ;; $118,430,000 ; $57,141,000 ;;;;;;$ 820,00;;;;;;;;;;;;;;; $73,970,400.00 ; $35,105,000.00 
3/01/2018;;;;;;;; $13,908,285,000 ; $131,707,700 ;; $153,157,000 ; $706,915,000 ;;;;;; $3,362,000 ;;;;;;;;;;;;;;; $106,390,000.00 ; $167,270,900.00 
4/01/2018;;;;;;;; $2,128,100,792 ; $130,084,000 ;; $155,416,000 ; $204,861,000 ;;;;;;$ 943,00;;;;;;;;;;;;;;; $84,137,300.00 ; $48,564,700.00 
5/01/2018;;;;;;;; $1,183,199,000 ; $126,305,400 ;; $170,378,000 ; $66,850,000 ;;;;;;$ 328,00;;;;;;;;;;;;;;; $81,190,600.00 ; $30,728,200.00 
6/01/2018;;;;;;;; $733,230,000 ; $107,490,500 ;; $149,006,000 ; $32,788,000 ;;;;;;$ 256,90;;;;;;;;;;;;;;; $75,132,300.00 ; $29,023,200.00 
7/01/2018;;;;;;;; $578,360,680 ; $120,140,400 ;; $138,092,000 ; $25,834,000 ;;;;;;$ 205,00;;;;;;;;;;;;;;; $77,963,300.00 ; $21,747,000.00 
8/01/2018;;;;;;;; $473,505,361 ; $115,697,400 ;; $128,818,000 ; $32,457,000 ;;;;;;$ 82,00;;;;;;;;;;;;;;; $91,657,500.00 ; $19,071,500.00 
9/01/2018;;;;;;;; $380,697,380 ; $107,651,300 ;; $128,003,000 ; $16,521,000 ;;;;;;$ 246,00;;;;;;;;;;;;;;; $87,973,900.00 ; $16,599,000.00 
10/01/2018;;;;;;;; $329,109,991 ; $120,899,100 ;; $141,043,000 ; $27,017,000 ;;;;;;$ 287,00;;;;;;;;;;;;;;; $95,194,900.00 ; $16,659,500.00 
11/01/2018;;;;;;;; $236,961,270 ; $105,503,700 ;; $118,004,000 ; $23,096,000 ;;;;;;$ 123,00;;;;;;;;;;;;;;; $84,445,900.00 ; $13,029,500.00 
12/01/2018;;;;;;;; $225,683,000 ; $83,516,000 ;; $71,148,000 ; $15,137,000 ;;;;;;$ 123,00;;;;;;;;;;;;;;; $82,549,200.00 ; $8,442,500.00 
1/01/2019; $51,585,000 ; $9,629,800 ; $10,730,000 ; $1,501,900 ; $1,218,092,396 ;49;0; $698,444,620 ; $123,451,900 ;$ 776,62; $157,417,000 ; $73,446,700 ; $9,418,000 ; $3,878,000 ; $9,472,000 ; $20,300,000 ; $43,068,000 ; $1,259,000 ;$ 586,55;1547;3171;177;7;3477;33;0;0;1;34;0; $7,922,800.00 ; $124,100.00 ; $89,332,100.00 ; $30,309,900.00 
2/01/2019; $91,546,000 ; $9,008,400 ; $11,704,400 ; $2,465,000 ; $1,851,079,494 ;44;0; $1,260,303,810 ; $125,638,300 ;$ 984,98; $144,452,000 ; $114,723,800 ; $17,238,000 ; $16,620,000 ; $7,104,000 ; $21,050,000 ; $62,261,400 ; $1,634,000 ;$ 384,00;1460;4859;348;26;5140;78;11;0;27;105;249400; $32,665,900.00 ; $5,275,900.00 ; $100,301,100.00 ; $40,396,100.00 
3/01/2019; $632,963,000 ; $13,123,800 ; $14,993,000 ; $10,213,800 ; $13,133,402,207 ;36;0; $11,766,125,500 ; $133,249,400 ;$ 720,94; $140,114,000 ; $671,293,600 ; $20,530,000 ; $108,030,000 ; $2,368,000 ; $21,900,000 ; $152,828,000 ; $2,494,000 ; $2,258,263 ;1298;23277;1682;134;23682;1098;1;0;27;1125;0; $1,098,474,200.00 ; $9,590,500.00 ; $112,366,200.00 ; $151,952,300.00 
4/01/2019; $274,581,000 ; $11,988,000 ; $12,104,600 ; $4,959,000 ; $6,924,359,593 ;48;0; $5,493,947,000 ; $133,188,600 ;$ 866,74; $154,204,000 ; $303,632,600 ; $60,940,000 ; $540,150,000 ; $2,960,000 ; $31,700,000 ; $635,750,000 ; $1,419,000 ; $18,423,353 ;1503;11046;729;823;11676;223;1;25;1;249;0; $187,966,700.00 ; $6,914,575.00 ; $103,660,000.00 ; $79,268,300.00 
5/01/2019; $70,067,000 ; $13,390,000 ; $12,562,800 ; $1,972,000 ; $1,943,684,180 ;63;0; $1,314,803,797 ; $133,023,000 ;$ 753,66; $144,403,000 ; $97,991,800 ; $53,738,000 ; $-   ; $13,912,000 ; $33,850,000 ; $101,500,000 ;$ 215,00; $7,387,221 ;1553;4187;243;144;4411;0;1;37;0;37;0; $-   ; $5,867,324.00 ; $107,658,600.00 ; $35,948,100.00 
6/01/2019; $43,117,000 ; $12,154,600 ; $10,376,200 ; $1,299,200 ; $1,233,148,613 ;65;0; $730,464,707 ; $106,437,200 ;$ 533,82; $132,875,000 ; $66,947,000 ; $41,550,000 ;-$ 554,00; $12,728,000 ; $23,900,000 ; $77,624,000 ;$ 344,00; $2,138,986 ;1289;2489;147;44;2621;0;0;20;0;20;0; $124,100.00 ; $3,318,625.00 ; $92,073,800.00 ; $23,710,100.00 
7/01/2019; $33,636,000 ; $11,680,200 ; $11,339,000 ; $1,624,000 ; $1,242,326,858 ;61;0; $696,200,827 ; $128,615,000 ;$ 846,08; $150,675,000 ; $58,279,200 ; $36,010,000 ; $(2,216,000); $17,760,000 ; $25,700,000 ; $77,254,000 ;$ 774,00; $1,889,155 ;1495;2359;197;1;2508;0;212;34;0;34;0; $-   ; $4,315,100.00 ; $103,526,400.00 ; $24,267,200.00 
8/01/2019; $28,719,000 ; $9,890,600 ; $9,889,000 ; $1,067,200 ; $1,010,479,969 ;61;0; $505,331,000 ; $114,566,400 ;$ 515,45; $151,467,000 ; $49,565,800 ; $31,578,000 ; $(1,108,000); $12,728,000 ; $24,550,000 ; $67,748,000 ;$ 258,00; $2,432,817 ;1651;1812;110;0;1912;0;2;31;0;31;0; $-   ; $3,779,400.00 ; $96,892,200.00 ; $21,703,300.00 
9/01/2019; $27,760,000 ; $11,751,200 ; $12,742,600 ; $1,647,200 ; $884,939,448 ;81;0; $395,396,000 ; $113,728,600 ;$ 431,65; $142,657,000 ; $53,901,000 ; $26,038,000 ; $(1,662,000); $16,280,000 ; $25,350,000 ; $66,006,000 ;$ 172,00;$ 400,00;1564;1377;175;0;1470;0;1;34;0;34;0; $-   ; $2,084,000.00 ; $93,739,400.00 ; $18,507,800.00 
10/01/2019; $24,702,000 ; $10,866,600 ; $10,515,400 ; $1,374,600 ; $847,879,707 ;73;0; $346,139,801 ; $117,444,500 ;$ 433,94; $144,784,000 ; $47,458,600 ; $34,934,000 ; $-   ; $14,800,000 ; $24,100,000 ; $73,839,800 ;$ 215,00; $1,023,662 ;1457;1207;138;0;1326;0;1;25;0;25;5800; $-   ; $4,960,300.00 ; $99,268,000.00 ; $17,272,400.00 
11/01/2019; $19,823,000 ; $10,219,600 ; $10,788,000 ; $1,299,200 ; $709,987,047 ;69;0; $275,551,000 ; $98,687,000 ;$ 105,62; $136,314,000 ; $42,129,800 ; $18,836,000 ; $-   ; $14,504,000 ; $22,350,000 ; $55,690,000 ;$ 258,00;$ 705,83;1391;1041;137;1;1114;0;3;34;0;34;0; $-   ; $19,260,500.00 ; $84,891,600.00 ; $15,654,200.00 
12/01/2019; $13,768,000 ; $11,041,400 ; $9,262,600 ;$ 794,60; $580,080,097 ;63;0; $230,528,000 ; $90,649,300 ;$ 275,52; $86,305,000 ; $34,866,600 ; $12,742,000 ; $-   ; $9,768,000 ; $13,950,000 ; $36,460,000 ;$ 86,00;$ 439,28;756;985;72;0;1041;0;3;9;0;9;0; $-   ; $6,341,500.00 ; $89,369,200.00 ; $11,101,200.00 
1/01/2020; $61,971,000 ; $13,166,800 ; $11,315,500 ; $2,372,900 ; $1,356,868,072 ;66;0; $844,529,000 ; $126,307,300 ;$ 446,57; $110,066,000 ; $88,826,200 ; $14,422,000 ; $7,488,000 ; $9,560,000 ; $13,780,000 ; $45,250,000 ; $1,137,100 ;$ 352,00;1644;3743;287;11;4104;65;0;0;5;70;0; $10,636,000.00 ; $4,394,200.00 ; $103,133,600.00 ; $36,820,300.00 
2/01/2020; $143,394,000 ; $10,121,800 ; $11,675,400 ; $3,910,100 ; $1,951,072,508 ;50;0; $1,375,897,650 ; $114,169,200 ;$ 145,80; $89,302,000 ; $169,101,300 ; $23,040,000 ; $14,976,000 ; $8,328,000 ; $16,068,000 ; $62,412,000 ; $1,677,100 ;$ 947,66;1303;5174;562;22;5465;98;11;0;19;117;0; $40,666,900.00 ; $8,110,500.00 ; $94,061,900.00 ; $43,357,900.00 
3/01/2020; $227,883,000 ; $8,919,500 ; $10,345,600 ; $4,367,600 ; $3,839,978,492 ;55;0; $3,181,628,000 ; $101,462,500 ;$ 9,18; $73,793,000 ; $251,515,700 ; $24,790,000 ; $40,896,000 ; $4,312,000 ; $16,328,000 ; $86,326,000 ; $2,385,000 ;$ 769,11;1129;8178;655;76;8399;265;25;0;13;278;0; $261,093,600.00 ; $6,681,000.00 ; $81,376,700.00 ; $60,713,300.00 
4/01/2020; $27,354,000 ; $1,827,600 ; $3,464,800 ;$ 335,50; $573,224,654 ;2;0; $421,115,000 ; $46,929,000 ; $-   ; $6,929,000 ; $32,981,900 ; $6,912,000 ; $19,584,000 ; $2,772,000 ; $13,936,000 ; $43,204,000 ; $-   ;$ 198,55;88;613;51;29;651;36;0;0;1;37;0; $65,706,100.00 ; $96,200.00 ; $16,968,900.00 ; $4,898,300.00 
5/01/2020; $51,190,000 ; $4,117,300 ; $4,831,200 ;$ 585,60; $1,191,472,016 ;5;0; $901,951,000 ; $78,819,100 ; $-   ; $26,976,000 ; $60,724,100 ; $17,280,000 ; $33,984,000 ; $4,004,000 ; $15,028,000 ; $70,296,000 ;$ 90,00;$ 782,22;358;1329;88;60;1460;75;0;0;4;79;0; $103,968,200.00 ; $342,000.00 ; $39,944,700.00 ; $11,888,900.00 
6/01/2020; $159,416,000 ; $6,355,200 ; $6,703,900 ; $1,915,400 ; $3,340,832,366 ;17;0; $2,741,226,000 ; $79,131,800 ;$ 88,40; $71,768,000 ; $174,390,500 ; $35,136,000 ; $102,528,000 ; $4,620,000 ; $21,320,000 ; $163,604,000 ;$ 270,00; $1,100,770 ;1083;4119;282;131;4370;257;6;0;1;258;0; $176,800,050.00 ; $-   ; $74,001,000.00 ; $35,251,900.00 
7/01/2020; $364,156,000 ; $10,626,900 ; $8,625,400 ; $4,440,800 ; $10,826,558,247 ;32;0; $9,497,181,000 ; $113,909,500 ;$ 210,08; $84,746,000 ; $387,849,100 ; $70,272,000 ; $439,488,000 ; $4,928,000 ; $28,392,000 ; $543,080,000 ;$ 720,00; $2,150,263 ;1288;14349;660;586;14693;540;311;3;12;555;0; $286,977,950.00 ; $4,394,900.00 ; $94,671,800.00 ; $102,040,500.00 
8/01/2020; $72,639,000 ; $9,512,000 ; $7,570,100 ; $1,683,600 ; $2,034,807,912 ;34;0; $1,539,713,890 ; $103,270,700 ;$ 163,59; $88,417,000 ; $91,404,700 ; $55,296,000 ;-$ 554,00; $7,084,000 ; $25,948,000 ; $87,774,000 ;$ 360,00; $1,844,432 ;1393;3494;219;133;3639;0;1;2;0;2;0; $89,700.00 ; $2,218,500.00 ; $89,737,000.00 ; $32,122,600.00 
9/01/2020; $64,232,000 ; $12,159,000 ; $9,790,500 ; $1,860,500 ; $1,602,113,564 ;70;0; $1,064,171,000 ; $110,945,900 ;$ 354,73; $115,396,000 ; $88,042,000 ; $44,928,000 ; $-   ; $16,324,000 ; $23,192,000 ; $84,444,000 ;$ 495,00; $1,956,432 ;1799;3035;223;31;3172;0;2;18;0;18;0; $-   ; $2,269,500.00 ; $104,594,600.00 ; $31,713,900.00 
10/01/2020; $47,214,000 ; $12,472,100 ; $9,644,100 ; $1,616,500 ; $1,332,266,640 ;68;0; $803,085,000 ; $110,434,800 ;$ 413,85; $121,363,000 ; $70,946,700 ; $50,112,000 ; $-   ; $12,012,000 ; $21,840,000 ; $83,964,000 ;$ 630,00; $2,186,986 ;1787;2509;189;12;2640;0;1;23;0;23;0; $-   ; $7,818,500.00 ; $110,566,200.00 ; $28,676,100.00 
11/01/2020; $31,709,000 ; $11,627,000 ; $8,973,100 ; $1,317,600 ; $1,019,667,538 ;66;0; $591,403,000 ; $106,819,900 ;$ 255,43; $98,552,000 ; $53,626,700 ; $28,800,000 ;-$ 576,00; $11,396,000 ; $20,072,000 ; $59,692,000 ;$ 204,20;$ 677,11;1392;1650;138;5;1736;0;1;10;0;10;0; $-   ; $3,743,900.00 ; $87,984,200.00 ; $20,453,000.00 
12/01/2020; $28,324,000 ; $11,073,000 ; $7,881,200 ; $1,006,500 ; $823,382,029 ;45;0; $461,570,000 ; $85,265,000 ;$ 115,37; $58,537,000 ; $48,284,700 ; $25,920,000 ; $(1,152,000); $6,160,000 ; $17,524,000 ; $48,452,000 ;$ 270,00; $1,821,155 ;896;1377;114;2;1430;0;45;6;0;6;0; $-   ; $1,736,900.00 ; $103,883,900.00 ; $15,182,900.00 
1/01/2021; $48,199,100 ; $9,506,400 ; $8,463,100 ; $1,859,900 ; $1,201,018,552 ;38;0; $751,685,650 ; $102,322,950 ;$ 242,80; $107,337,000 ; $68,028,500 ; $16,447,000 ; $4,696,000 ; $9,420,000 ; $16,165,000 ; $46,728,000 ;$ 900,00; $2,594,000 ;1668;2605;208;6;3131;17;4;0;4;21;0; $1,670,200.00 ; $574,100.00 ; $89,918,150.00 ; $31,261,500.00 
2/01/2021; $91,409,900 ; $12,267,300 ; $9,474,000 ; $2,914,000 ; $1,958,437,634 ;59;0; $1,381,969,801 ; $114,295,250 ;$ 183,11; $122,449,000 ; $116,065,200 ; $23,513,000 ; $11,164,000 ; $5,966,000 ; $18,921,000 ; $59,564,000 ; $2,037,300 ; $4,067,277 ;1792;4732;380;18;5179;98;0;0;5;103;0; $28,336,050.00 ; $3,158,700.00 ; $112,722,300.00 ; $45,084,400.00 
3/01/2021; $809,626,350 ; $15,340,900 ; $13,787,500 ; $12,443,300 ; $16,566,098,800 ;85;0; $14,892,735,732 ; $141,696,200 ;$ 58,55; $137,461,000 ; $851,198,050 ; $46,384,000 ; $130,314,000 ; $5,966,000 ; $23,585,000 ; $206,249,000 ; $3,510,000 ; $4,630,770 ;1994;26225;1870;157;26889;1136;7;0;16;1152;0; $987,620,850.00 ; $2,192,200.00 ; $139,937,400.00 ; $188,622,100.00 
4/01/2021; $154,682,600 ; $10,689,600 ; $7,729,800 ; $2,697,000 ; $3,642,955,906 ;44;0; $2,458,056,800 ; $97,782,200 ;$ 29,27; $77,168,000 ; $175,799,000 ; $66,364,000 ; $597,588,000 ; $6,280,000 ; $31,058,000 ; $701,290,000 ;$ 630,00; $8,466,282 ;1174;4729;341;834;5170;0;102;5;0;5;0; $273,900.00 ; $1,665,400.00 ; $82,950,850.00 ; $40,783,500.00 
5/01/2021; $64,403,800 ; $10,434,750 ; $7,670,400 ; $2,101,700 ; $2,049,872,969 ;62;0; $1,587,439,550 ; $96,858,000 ;$ 76,92; $84,227,000 ; $84,610,650 ; $42,264,000 ; $(2,924,000); $6,908,000 ; $27,030,000 ; $73,278,000 ;$ 450,00; $6,111,803 ;1227;3339;244;167;3536;0;0;18;0;18;0; $-   ; $1,912,800.00 ; $85,970,350.00 ; $30,850,700.00 
6/01/2021; $84,680,600 ; $11,486,750 ; $9,254,300 ; $2,083,200 ; $1,693,718,772 ;66;0; $1,171,477,030 ; $100,159,200 ;$ 75,77; $101,959,000 ; $107,504,850 ; $52,830,000 ; $(3,500,000); $9,106,000 ; $26,659,000 ; $85,095,000 ;$ 630,00; $4,011,324 ;1522;2807;246;37;2963;0;1;12;0;12;0; $130,500.00 ; $1,796,420.00 ; $93,573,700.00 ; $29,232,900.00 
7/01/2021; $47,699,450 ; $12,239,300 ; $8,843,800 ; $1,692,600 ; $1,382,107,666 ;73;0; $911,536,700 ; $102,231,100 ;$ 37,88; $102,960,000 ; $70,475,150 ; $32,285,000 ; $(4,087,000); $10,676,000 ; $24,698,000 ; $63,572,000 ;$ 180,00; $4,858,432 ;1569;2473;184;1;2615;0;0;25;0;25;0; $-   ; $3,049,400.00 ; $99,106,700.00 ; $27,149,700.00 
8/01/2021; $29,067,250 ; $12,556,900 ; $9,775,400 ; $1,463,200 ; $1,253,092,984 ;69;0; $781,084,950 ; $106,303,050 ;$ 18,37; $116,928,000 ; $52,862,750 ; $32,872,000 ; $(3,522,000); $9,420,000 ; $22,260,000 ; $61,030,000 ;$ 360,00; $4,642,216 ;1680;2174;148;1;2301;0;1;24;0;24;0; $-   ; $2,793,400.00 ; $103,743,050.00 ; $26,120,600.00 
9/01/2021; $32,462,200 ; $11,122,950 ; $8,849,800 ; $1,190,400 ; $1,134,704,975 ;60;0; $663,244,861 ; $108,280,150 ;$ 25,26; $104,870,000 ; $53,625,350 ; $41,677,000 ; $(2,348,000); $14,758,000 ; $20,352,000 ; $74,439,000 ;$ 225,00; $4,119,108 ;1550;1853;113;0;1980;0;77;20;0;20;0; $-   ; $1,598,100.00 ; $102,508,450.00 ; $23,367,800.00 
10/01/2021; $23,458,050 ; $9,401,350 ; $8,591,700 ; $1,128,400 ; $877,196,316 ;59;0; $471,963,850 ; $99,759,500 ;$ 7,46; $96,180,000 ; $42,579,500 ; $21,165,000 ;-$ 587,00; $7,536,000 ; $22,949,000 ; $51,063,000 ;$ 270,00; $4,054,554 ;1379;1372;106;0;1465;0;1;6;0;6;0; $-   ; $4,870,300.00 ; $92,408,450.00 ; $18,910,000.00 
11/01/2021; $20,658,000 ; $11,024,200 ; $9,029,600 ;$ 985,80; $901,170,005 ;68;0; $470,803,547 ; $107,355,200 ;$ 110,21; $94,634,000 ; $41,697,600 ; $23,480,000 ;$ 587,00; $16,014,000 ; $20,670,000 ; $60,751,000 ;$ 135,00; $5,976,000 ;1358;1346;79;1;1428;0;1;8;0;8;0; $-   ; $4,611,300.00 ; $101,380,250.00 ; $18,327,200.00 
12/01/2021; $22,420,000 ; $9,707,300 ; $8,025,700 ;$ 911,40; $802,656,228 ;48;0; $444,228,350 ; $89,921,450 ;$ 43,62; $61,124,000 ; $41,064,400 ; $15,849,000 ; $(1,174,000); $9,420,000 ; $16,589,000 ; $40,684,000 ;$ 57,30; $7,866,554 ;850;1068;84;0;1149;0;2;18;0;18;0; $-   ; $5,395,700.00 ; $104,485,450.00 ; $13,181,100.00 
1/01/2022; $40,977,000 ; $9,856,050 ; $9,100,800 ; $1,839,200 ; $1,229,363,029 ;44;0; $756,533,600 ; $114,796,450 ;$ 41,90; $102,107,000 ; $61,773,050 ; $17,259,000 ; $6,765,000 ; $7,216,000 ; $18,205,000 ; $49,445,000 ; $1,728,000 ; $7,517,277 ;1543;2635;205;9;3079;34;0;0;3;37;0; $8,334,100.00 ; $2,988,000.00 ; $104,163,750.00 ; $31,257,000.00 
2/01/2022; $111,987,000 ; $11,722,500 ; $10,120,500 ; $3,289,000 ; $2,161,770,114 ;53;0; $1,511,200,000 ; $126,586,650 ;$ 35,01; $128,134,000 ; $137,119,000 ; $21,581,000 ; $15,375,000 ; $7,216,000 ; $19,965,000 ; $64,137,000 ; $2,355,600 ; $9,752,000 ;1754;5111;427;23;5562;81;8;0;12;93;0; $30,293,000.00 ; $4,058,000.00 ; $132,702,850.00 ; $49,748,000.00 
3/01/2022; $892,207,000 ; $12,376,050 ; $13,292,500 ; $13,377,000 ; $19,262,016,137 ;43;0; $17,596,635,450 ; $141,495,600 ;$ 60,84; $113,022,000 ; $931,252,550 ; $20,384,000 ; $70,110,000 ; $6,232,000 ; $22,055,000 ; $118,781,000 ; $3,276,900 ; $10,565,493 ;1452;29808;1974;60;30322;1123;12;0;20;1143;0; $1,072,316,000.00 ; $5,273,000.00 ; $130,101,700.00 ; $216,824,600.00 
4/01/2022; $197,473,000 ; $13,706,100 ; $10,530,000 ; $4,218,500 ; $5,447,434,263 ;52;0; $3,943,831,270 ; $131,669,500 ;$ 134,89; $124,304,000 ; $225,927,600 ; $64,027,000 ; $723,855,000 ; $4,264,000 ; $29,315,000 ; $821,461,000 ;$ 924,90; $12,783,803 ;1626;7332;515;726;7986;0;137;25;0;25;0; $11,547,000.00 ; $10,552,000.00 ; $121,572,800.00 ; $64,824,500.00 
5/01/2022; $65,567,000 ; $10,743,000 ; $9,737,000 ; $1,852,500 ; $2,225,073,713 ;43;0; $1,648,087,000 ; $123,184,800 ;$ 67,73; $112,965,000 ; $87,899,500 ; $47,998,000 ;$ 671,00; $5,576,000 ; $31,680,000 ; $85,925,000 ;$ 432,00; $8,345,831 ;1507;3609;217;322;3877;0;0;21;0;21;0; $-   ; $9,270,000.00 ; $121,461,350.00 ; $36,705,500.00 
6/01/2022; $52,280,000 ; $11,208,000 ; $8,671,000 ; $1,878,500 ; $1,587,030,620 ;62;0; $1,063,944,770 ; $114,100,400 ; $-   ; $107,033,000 ; $74,037,500 ; $40,618,000 ; $2,460,000 ; $7,544,000 ; $23,705,000 ; $74,327,000 ;$ 192,00; $7,548,000 ;1472;2668;211;89;2840;0;6;8;0;8;0; $(10,921,000.00); $768,000.00 ; $116,273,250.00 ; $29,574,700.00 
7/01/2022; $48,858,000 ; $10,302,900 ; $8,970,000 ; $1,501,500 ; $1,350,079,060 ;56;0; $841,820,000 ; $115,647,100 ;$ 37,31; $109,082,000 ; $69,632,400 ; $41,848,000 ; $(6,150,000); $9,512,000 ; $19,250,000 ; $64,460,000 ;$ 336,00; $6,284,000 ;1544;2367;158;11;2487;0;0;19;0;19;0; $-   ; $2,626,000.00 ; $114,948,450.00 ; $27,831,800.00 
8/01/2022; $35,971,000 ; $12,505,200 ; $9,711,000 ; $1,716,000 ; $1,262,670,824 ;84;0; $707,581,000 ; $127,966,700 ;$ 14,92; $127,064,000 ; $59,903,200 ; $42,435,000 ; $(4,305,000); $14,104,000 ; $20,900,000 ; $73,134,000 ;$ 192,00; $8,208,000 ;1712;2125;150;4;2265;0;4;10;0;10;0; $-   ; $926,000.00 ; $131,248,500.00 ; $27,358,500.00 
9/01/2022; $41,010,000 ; $12,154,200 ; $9,743,500 ; $1,703,000 ; $1,073,796,440 ;96;0; $545,453,000 ; $123,426,400 ;$ 20,09; $114,411,000 ; $64,610,700 ; $33,266,000 ;-$ 615,00; $8,856,000 ; $18,645,000 ; $60,152,000 ;$ 240,00; $10,774,000 ;1594;1632;154;5;1759;0;95;11;0;11;0; $-   ; $945,000.00 ; $131,491,550.00 ; $23,217,700.00 
10/01/2022; $29,763,000 ; $10,105,500 ; $10,861,500 ; $1,527,500 ; $973,350,692 ;76;0; $497,640,000 ; $118,275,600 ;$ 18,94; $107,544,000 ; $52,257,500 ; $24,628,000 ; $(2,460,000); $13,120,000 ; $18,480,000 ; $53,768,000 ;$ 288,00; $8,584,000 ;1456;1330;154;1;1443;0;1;6;0;6;0; $(17,400,000.00); $15,485,000.00 ; $114,779,150.00 ; $20,195,500.00 
11/01/2022; $17,815,000 ; $10,124,250 ; $9,607,000 ;$ 975,00; $831,428,698 ;49;0; $375,349,000 ; $116,484,900 ;$ 87,25; $97,031,000 ; $38,521,250 ; $28,290,000 ; $(2,460,000); $9,840,000 ; $19,360,000 ; $55,030,000 ; $-   ; $8,220,000 ;1212;1118;85;0;1213;0;2;8;0;8;0; $-   ; $2,098,000.00 ; $123,668,800.00 ; $17,036,500.00 
12/01/2022; $19,781,000 ; $11,589,000 ; $8,333,000 ; $1,118,000 ; $732,688,202 ;72;0; $348,388,000 ; $101,989,400 ;$ 13,20; $62,619,000 ; $40,821,000 ; $7,380,000 ; $-   ; $4,920,000 ; $13,695,000 ; $25,995,000 ;$ 48,00; $8,400,000 ;843;976;96;0;1035;0;0;7;0;7;0; $-   ; $6,970,000.00 ; $131,304,100.00 ; $13,110,500.00 
1/01/2023; $49,500,000 ; $12,419,100 ; $11,606,400 ; $2,403,400 ; $1,429,167,264 ;61;0; $879,107,000 ; $140,338,700 ;$ 20,66; $117,602,000 ; $75,928,900 ; $9,604,000 ; $2,058,000 ; $6,992,000 ; $15,996,000 ; $34,650,000 ; $1,219,000 ; $9,298,000 ;1517;3163;242;3;3600;28;7;0;2;30;0; $6,534,000.00 ; $3,193,000.00 ; $132,187,600.00 ; $38,815,400.00 
2/01/2023; $88,015,000 ; $11,758,900 ; $10,735,200 ; $3,362,400 ; $2,272,090,596 ;53;0; $1,680,510,660 ; $129,268,000 ;$ 8,04; $101,836,000 ; $113,871,500 ; $13,460,000 ; $12,419,000 ; $5,856,000 ; $17,174,000 ; $48,909,000 ; $2,187,400 ; $8,770,000 ;1294;5666;389;13;5929;82;0;0;1;83;0; $33,819,000.00 ; $153,000.00 ; $132,709,100.00 ; $54,020,900.00 
3/01/2023; $1,063,030,000 ; $21,972,800 ; $18,345,600 ; $16,840,800 ; $22,841,065,404 ;106;0; $20,741,439,000 ; $187,787,700 ;$ 55,10; $125,031,000 ; $1,120,189,200 ; $35,956,000 ; $161,210,000 ; $3,294,000 ; $24,428,000 ; $224,888,000 ; $4,793,000 ; $11,868,000 ;1568;29081;2191;178;29554;1064;15;0;21;1085;0; $1,010,425,000.00 ; $16,671,000.00 ; $189,719,100.00 ; $235,295,300.00 
4/01/2023; $185,612,000 ; $18,581,400 ; $17,388,000 ; $4,413,600 ; $4,719,439,950 ;63;0; $3,205,564,000 ; $130,566,300 ; $-   ; $93,426,000 ; $225,995,000 ; $63,183,000 ; $757,770,000 ; $4,026,000 ; $29,884,000 ; $854,863,000 ;$ 862,40; $10,588,000 ;1199;5802;493;786;6217;0;98;4;0;4;0; $3,363,000.00 ; $1,954,000.00 ; $141,717,650.00 ; $55,857,600.00 
5/01/2023; $84,315,000 ; $17,189,200 ; $12,117,600 ; $2,736,000 ; $2,817,130,562 ;80;0; $2,156,543,970 ; $144,411,800 ;$ 61,99; $106,387,000 ; $116,357,800 ; $60,439,000 ;-$ 686,00; $6,954,000 ; $33,728,000 ; $100,435,000 ;$ 544,40; $8,882,000 ;1451;4317;273;200;4536;0;2;16;0;16;0; $-   ; $12,262,000.00 ; $138,990,400.00 ; $44,516,200.00 
6/01/2023; $81,534,000 ; $18,306,800 ; $16,740,000 ; $2,361,600 ; $1,790,336,196 ;83;0; $1,183,947,000 ; $131,400,000 ;$ 31,00; $87,227,000 ; $118,942,400 ; $52,207,000 ; $(2,744,000); $8,052,000 ; $28,830,000 ; $86,413,400 ;$ 424,00; $11,098,000 ;1177;2699;225;99;2870;0;0;15;0;15;68400; $-   ; $8,634,000.00 ; $140,217,400.00 ; $30,636,000.00 
7/01/2023; $43,131,000 ; $16,707,600 ; $11,728,800 ; $1,756,800 ; $1,370,248,450 ;66;0; $836,687,960 ; $136,245,600 ;$ 77,49; $84,755,000 ; $73,324,200 ; $32,384,000 ; $(3,430,000); $10,248,000 ; $24,614,000 ; $63,816,000 ;$ 385,40; $12,060,000 ;1182;2151;154;2;2269;0;0;24;0;24;0; $153,000.00 ; $7,138,000.00 ; $137,063,200.00 ; $25,833,600.00 
8/01/2023; $60,527,000 ; $13,816,800 ; $11,383,200 ; $1,670,400 ; $1,330,518,761 ;78;0; $766,766,155 ; $134,676,000 ;$ 39,61; $96,217,000 ; $87,397,400 ; $36,358,000 ; $(1,372,000); $8,052,000 ; $24,862,000 ; $67,900,000 ;$ 438,40; $10,562,000 ;1238;2049;137;0;2152;0;10;30;0;30;0; $-   ; $5,631,000.00 ; $140,566,200.00 ; $25,956,000.00 
9/01/2023; $28,927,000 ; $14,188,200 ; $12,312,000 ; $1,526,400 ; $1,051,949,511 ;69;0; $530,814,171 ; $126,038,200 ;$ 5,74; $94,275,000 ; $56,953,600 ; $48,020,000 ;-$ 686,00; $12,078,000 ; $24,428,000 ; $83,840,000 ;$ 53,00; $8,914,000 ;1151;1579;139;0;1670;0;0;19;0;19;0; $-   ; $2,393,000.00 ; $129,283,000.00 ; $21,772,800.00 
10/01/2023; $31,656,000 ; $13,211,000 ; $13,118,400 ; $1,792,800 ; $934,244,764 ;65;0; $436,854,000 ; $122,252,400 ;$ 49,36; $86,433,000 ; $59,778,200 ; $32,242,000 ; $(1,987,000); $15,006,000 ; $22,258,000 ; $67,519,000 ;$ 159,00; $10,648,000 ;1128;1308;169;0;1407;0;1;12;0;12;0; $-   ; $4,218,000.00 ; $130,838,200.00 ; $19,713,600.00 
11/01/2023; $26,762,000 ; $12,232,000 ; $11,260,800 ; $1,288,800 ; $843,597,248 ;69;0; $402,761,000 ; $120,217,700 ;$ 58,55; $77,278,000 ; $51,543,600 ; $21,337,000 ; $(2,058,000); $6,588,000 ; $18,786,000 ; $44,653,000 ;$ 226,40; $8,808,000 ;972;1150;98;0;1225;0;0;7;0;7;0; $-   ; $2,071,000.00 ; $120,929,400.00 ; $17,121,600.00 
12/01/2023; $24,721,000 ; $11,422,600 ; $9,043,200 ; $1,101,600 ; $670,359,746 ;52;0; $314,499,000 ; $101,145,600 ;$ 74,05; $41,939,000 ; $46,288,400 ; $21,436,000 ; $(1,372,000); $4,392,000 ; $13,764,000 ; $38,220,000 ;$ 106,00; $5,896,000 ;551;878;94;0;948;0;2;4;0;4;0; $-   ; $736,000.00 ; $110,672,400.00 ; $11,519,300.00 
1/01/2024; $82,157,000 ; $17,476,000 ; $14,599,200 ; $3,239,000 ; $1,685,526,868 ;52;0; $1,041,633,000 ; $146,590,400 ;$ 18,37; $108,961,000 ; $117,471,200 ; $24,558,000 ; $9,142,000 ; $12,030,000 ; $20,808,000 ; $66,538,000 ; $1,556,000 ; $13,070,000 ;1367;2901;315;9;3334;51;0;0;5;56;0; $13,439,000.00 ; $4,801,000.00 ; $150,764,000.00 ; $38,924,900.00 
2/01/2024; $148,876,000 ; $18,136,000 ; $13,137,700 ; $4,345,000 ; $2,399,642,576 ;83;0; $1,680,739,000 ; $144,072,500 ;$ 13,78; $97,627,000 ; $184,494,700 ; $34,741,000 ; $20,277,000 ; $10,827,000 ; $18,564,000 ; $84,409,000 ; $2,732,000 ; $10,128,000 ;1161;4161;439;22;4452;83;2;0;23;106;0; $50,950,000.00 ; $20,947,000.00 ; $148,596,100.00 ; $46,830,500.00 
3/01/2024; $909,420,000 ; $20,540,000 ; $16,858,600 ; $13,682,800 ; $20,762,843,416 ;89;0; $18,872,396,900 ; $163,472,200 ;$ 19,52; $99,762,000 ; $960,501,400 ; $59,524,000 ; $174,232,000 ; $5,213,000 ; $20,740,000 ; $259,709,000 ; $5,148,000 ; $9,924,000 ;1196;24904;1607;138;25442;922;1;0;20;942;0; $997,024,000.00 ; $16,496,000.00 ; $170,884,200.00 ; $221,026,200.00 
4/01/2024; $396,587,000 ; $25,605,000 ; $17,474,800 ; $9,132,400 ; $10,332,698,246 ;80;0; $8,214,372,680 ; $179,694,700 ;$ 33,87; $122,102,000 ; $448,799,200 ; $140,437,000 ; $869,723,000 ; $6,416,000 ; $41,548,000 ; $1,058,124,000 ; $1,656,000 ; $11,462,000 ;1364;12837;987;851;13439;0;111;17;0;17;0; $121,466,000.00 ; $10,328,000.00 ; $175,252,000.00 ; $121,201,800.00 
5/01/2024; $124,762,000 ; $21,182,000 ; $13,240,400 ; $3,404,900 ; $2,586,439,273 ;81;0; $1,862,214,141 ; $147,041,800 ;$ 39,03; $98,847,000 ; $162,589,300 ; $66,153,000 ; $(2,939,000); $12,832,000 ; $42,908,000 ; $118,954,000 ;$ 427,00; $10,812,000 ;1148;3334;312;234;3497;0;0;25;0;25;0; $-   ; $11,872,000.00 ; $146,884,000.00 ; $38,631,000.00 
6/01/2024; $54,706,000 ; $16,396,000 ; $13,437,900 ; $2,520,100 ; $1,746,450,542 ;60;0; $1,176,161,000 ; $126,386,100 ;$ 47,64; $87,764,000 ; $87,060,000 ; $64,036,000 ; $(11,135,000); $9,624,000 ; $28,968,000 ; $91,493,000 ;$ 232,00; $9,528,000 ;1024;2385;227;71;2529;0;4;43;0;43;0; $-   ; $16,054,000.00 ; $138,011,600.00 ; $29,767,200.00 
7/01/2024; $69,534,130 ; $19,680,000 ; $15,278,600 ; $2,417,400 ; $1,651,896,026 ;80;0; $982,807,470 ; $153,930,600 ;$ 28,13; $97,712,000 ; $106,910,130 ; $65,532,000 ; $(8,196,000); $18,045,000 ; $28,220,000 ; $103,601,000 ;$ 232,00; $11,532,000 ;1207;2230;192;15;2368;0;0;50;0;50;0; $-   ; $15,683,000.00 ; $165,178,000.00 ; $29,964,700.00 
8/01/2024; $48,471,000 ; $19,989,000 ; $14,733,500 ; $2,441,100 ; $1,324,515,056 ;102;0; $730,289,000 ; $144,417,500 ;$ 25,26; $95,114,000 ; $85,634,600 ; $58,578,000 ; $(6,493,000); $12,431,000 ; $27,608,000 ; $92,124,000 ;$ 290,00; $9,740,000 ;1110;1734;180;2;1881;0;0;46;0;46;0; $-   ; $12,854,000.00 ; $141,687,600.00 ; $25,193,100.00 
9/01/2024; $37,298,000 ; $18,156,000 ; $12,853,300 ; $1,903,900 ; $1,168,518,194 ;98;0; $588,328,410 ; $139,587,100 ;$ 66,58; $97,306,000 ; $70,211,200 ; $54,888,000 ; $(4,506,000); $20,852,000 ; $27,812,000 ; $99,046,000 ;$ 116,00; $10,024,000 ;1118;1444;138;1;1534;0;1;42;0;42;0; $-   ; $6,771,000.00 ; $141,310,000.00 ; $22,522,900.00 
10/01/2024; $42,105,000 ; $19,481,000 ; $16,289,800 ; $2,275,200 ; $1,147,618,224 ;77;0; $547,788,000 ; $147,286,300 ;$ 43,62; $107,129,000 ; $80,151,000 ; $31,678,000 ; $(2,939,000); $18,446,000 ; $28,696,000 ; $75,881,000 ;$ 232,00; $12,530,000 ;1197;1288;182;0;1382;0;0;18;0;18;0; $-   ; $12,314,000.00 ; $154,244,000.00 ; $22,333,300.00 
11/01/2024; $39,891,000 ; $16,158,000 ; $13,501,100 ; $1,587,900 ; $982,140,642 ;57;0; $423,659,000 ; $131,227,000 ;$ 18,94; $90,280,000 ; $71,138,000 ; $57,827,000 ; $(1,502,000); $18,446,000 ; $28,016,000 ; $102,787,000 ;$ 58,00; $9,676,000 ;954;1048;106;0;1104;0;0;20;0;20;0; $-   ; $8,304,000.00 ; $135,024,000.00 ; $18,272,700.00 
12/01/2024; $20,395,000 ; $17,028,000 ; $12,189,700 ; $1,398,300 ; $838,783,318 ;60;0; $413,079,000 ; $113,211,200 ;$ 4,02; $52,908,000 ; $51,011,000 ; $15,020,000 ; $(1,366,000); $7,619,000 ; $19,516,000 ; $40,789,000 ;$ 16,00; $8,964,000 ;697;887;107;0;958;0;0;13;0;13;0; $-   ; $5,299,000.00 ; $144,826,000.00 ; $13,975,100.00 
1/01/2025; $62,592,200 ; $17,197,500 ; $19,801,200 ; $3,677,200 ; $1,750,331,088 ;50;23; $991,796,210 ; $221,345,200 ;$ 55,68; $142,414,200 ; $103,268,100 ; $9,204,000 ; $4,793,000 ; $15,272,000 ; $20,664,000 ; $49,933,000 ; $2,029,600 ; $12,678,000 ;1330;3717;364;6;4025;65;0;0;17;82;0; $17,143,000.00 ; $12,038,000.00 ; $181,267,000.00 ; $45,544,100.00 
2/01/2025; $211,605,100 ; $18,765,800 ; $19,128,400 ; $6,771,600 ; $4,138,247,334 ;66;52; $3,111,003,400 ; $226,138,400 ;$ 23,53; $148,154,300 ; $256,270,900 ; $39,641,000 ; $26,177,000 ; $14,805,000 ; $24,840,000 ; $105,463,000 ; $3,327,200 ; $12,416,000 ;1318;8010;744;25;8464;167;2;0;17;184;0; $81,291,000.00 ; $19,159,000.00 ; $193,516,400.00 ; $81,934,200.00 
3/01/2025; $1,375,198,900 ; $21,816,900 ; $27,151,900 ; $18,524,700 ; $36,493,965,238 ;49;50; $33,915,185,600 ; $259,962,700 ;$ 78,64; $129,875,800 ; $1,442,692,400 ; $37,265,000 ; $194,040,000 ; $6,768,000 ; $25,488,000 ; $263,561,000 ; $4,935,200 ; $9,416,000 ;1211;27513;2200;156;27991;1157;0;0;19;1176;0; $1,263,621,000.00 ; $11,798,000.00 ; $218,259,500.00 ; $249,998,400.00 
4/01/2025; $241,012,100 ; $23,324,200 ; $19,986,800 ; $5,402,700 ; $7,944,280,322 ;76;122; $5,807,053,200 ; $221,867,400 ;$ 30,42; $161,685,800 ; $289,725,800 ; $88,117,000 ; $1,050,233,000 ; $8,037,000 ; $44,568,000 ; $1,190,955,000 ; $1,053,600 ; $12,062,000 ;1241;6461;526;1062;6931;0;1;21;0;21;0; $8,331,000.00 ; $21,677,000.00 ; $190,899,900.00 ; $68,947,200.00 
5/01/2025; $115,210,700 ; $21,787,300 ; $19,221,200 ; $3,296,700 ; $3,169,821,862 ;61;104; $2,281,285,600 ; $215,540,000 ;$ 7,46; $148,282,000 ; $159,515,900 ; $80,784,000 ; $(2,376,000); $10,998,000 ; $48,240,000 ; $137,646,000 ;$ 488,00; $10,322,000 ;1162;3508;302;246;3732;0;116;17;0;17;0; $1,981,000.00 ; $7,363,000.00 ; $175,003,700.00 ; $41,731,200.00 
6/01/2025; $50,342,300 ; $20,678,600 ; $20,578,400 ; $2,446,200 ; $2,021,246,692 ;71;90; $1,280,647,400 ; $190,779,400 ;$ 61,99; $137,124,600 ; $94,045,500 ; $66,705,000 ; $(7,128,000); $15,651,000 ; $34,200,000 ; $109,428,000 ;$ 488,00; $10,692,000 ;1181;2229;221;50;2393;0;1;32;0;32;0; $-   ; $14,193,000.00 ; $167,378,000.00 ; $30,601,800.00 
7/01/2025; $57,847,400 ; $28,433,500 ; $23,872,800 ; $2,648,700 ; $2,190,299,388 ;85;100; $1,271,368,470 ; $235,126,200 ;$ 61,42; $182,185,000 ; $112,802,400 ; $74,448,000 ; $(7,087,000); $17,766,000 ; $41,400,000 ; $126,527,000 ;$ 488,00; $14,806,000 ;1526;2369;222;13;2493;0;1;52;0;52;0; $-   ; $9,374,000.00 ; $212,202,100.00 ; $34,732,800.00 
8/01/2025; $17,985,500 ; $17,542,100 ; $17,713,200 ; $1,960,200 ; $1,460,737,664 ;49;73; $788,034,900 ; $195,192,200 ;$ 20,66; $125,855,900 ; $55,201,000 ; $50,688,000 ; $(5,544,000); $14,382,000 ; $31,968,000 ; $91,494,000 ;$ 61,00; $10,758,000 ;1104;1557;151;0;1668;0;1;57;0;57;0; $-   ; $15,668,000.00 ; $170,119,700.00 ; $24,000,300.00 
9/01/2025; $16,396,200 ; $10,098,600 ; $12,446,800 ; $1,287,900 ; $703,688,077 ;44;31; $336,257,483 ; $95,862,400 ;$ 17,79; $78,034,500 ; $40,229,500 ; $23,719,000 ; $(1,584,000); $7,614,000 ; $19,584,000 ; $49,333,000 ;$ 199,60; $5,430,000 ;512;662;100;0;743;0;0;3;0;3;0; $-   ; $4,152,000.00 ; $87,024,300.00 ; $11,299,500.00 
